subject,threshold,covered_area,leg,time,algorithm
9,10,1578624.1328793494,r,11.91012477874756,fit_sphere_algoritm
9,15,2164282.952465595,r,9.210718393325806,fit_sphere_algoritm
9,10,9628.886028982304,r,2.6317684650421143,nearest
9,10,1564258.816672712,r,7.570042848587036,fit_sphere_algoritm
9,15,2212393.930959912,r,6.998773813247681,fit_sphere_algoritm
009,15,14265.02191882624,r,3.1816625595092773,nearest
