subject,threshold,covered_area,leg,time,algorithm
10,10,926534.13747511,r,22.70915389060974,fit_sphere_algoritm
10,15,1342034.4935811786,r,21.876049995422363,fit_sphere_algoritm
10,10,5842.7193981142045,r,7.77130126953125,nearest
10,10,938259.4913555844,r,7.714073896408081,fit_sphere_algoritm
10,15,1336479.7414731958,r,8.22438669204712,fit_sphere_algoritm
010,15,10108.066135398885,r,2.4585134983062744,nearest
