subject,threshold,covered_area,leg,time,algorithm
15,10,1790055.98709298,l,11.089905500411987,fit_sphere_algoritm
15,15,2280128.348065489,l,11.228354692459106,fit_sphere_algoritm
15,10,12577.775575315904,l,3.484216451644897,nearest
15,10,1720270.6360072184,l,3.980255126953125,fit_sphere_algoritm
15,15,2258092.600024051,l,4.036836624145508,fit_sphere_algoritm
015,15,19098.643411226618,l,1.3958964347839355,nearest
