subject,threshold,covered_area,leg,time,algorithm
15,10,1775347.2912819465,r,11.441265344619753,fit_sphere_algoritm
15,15,2394699.825888596,r,11.407063007354736,fit_sphere_algoritm
15,10,13461.895064094044,r,3.62680721282959,nearest
15,10,1812344.011094032,r,4.056311845779419,fit_sphere_algoritm
15,15,2360813.644615159,r,4.363434791564941,fit_sphere_algoritm
015,15,19693.8277815335,r,1.4197676181793213,nearest
