subject,threshold,covered_area,leg,time,algorithm
13,10,9476.515078715283,r,4.68151068687439,nearest
13,10,1110685.855704346,r,6.172410249710083,fit_sphere_algoritm
13,15,1607784.8876332738,r,6.370298147201538,fit_sphere_algoritm
013,15,14851.78002558852,r,2.125596523284912,nearest
