threshold,covered_area,time
10,4835.434848982565,8.486502647399902
15,8707.56254581981,9.562517404556274
20,13374.003103787427,12.938586711883545
