threshold,covered_area,time
10,661512.2679327368,1.3913180828094482
15,2743525.8019863702,1.4180917739868164
10,854546.0868781373,1.7006747722625732
15,2909238.5412040264,1.7787501811981201
