threshold,covered_area,time
10,661512.2679327368,1.3913180828094482
15,2743525.8019863702,1.4180917739868164
10,854546.0868781373,1.7006747722625732
15,2909238.5412040264,1.77875018119812
10,933121.1802945948,9.362616062164308
15,1317495.030614541,9.142676591873167
10,835856.4456978576,9.659274339675903
15,1207459.6502233692,8.616626977920532
