threshold,covered_area,time
10,5002.020614813958,1.3474628925323486
15,6973.193713633712,1.2794630527496338
10,4258.591407682172,1.797142744064331
15,5052.383952077481,1.8067257404327393
