subject,threshold,covered_area,leg,time,algorithm
19,10,6523.718180487521,l,2.13358736038208,nearest
019,15,11004.553557060417,l,2.1247196197509766,nearest
