subject,threshold,covered_area,leg,time,algorithm
9,10,1300812.0695474532,l,8.758481740951538,fit_sphere_algoritm
9,15,1816016.282748053,l,16.923024654388428,fit_sphere_algoritm
9,10,7391.2328767301715,l,2.113022565841675,nearest
9,10,1305635.0866029672,l,6.823046445846558,fit_sphere_algoritm
9,15,1817651.3530451928,l,7.075454235076904,fit_sphere_algoritm
009,15,12476.212893267226,l,2.0117335319519043,nearest
