subject,threshold,covered_area,leg,time,algorithm
18,10,6374.905903927112,r,4.929634094238281,nearest
18,10,1197193.277097475,r,6.887010335922241,fit_sphere_algoritm
18,15,1858920.674727484,r,6.960117816925049,fit_sphere_algoritm
018,15,13378.653105160303,r,2.021653890609741,nearest
