subject,threshold,covered_area,leg,time,algorithm
18,10,5644.994503118102,l,5.400608777999878,nearest
18,10,1529808.7253202717,l,7.102588176727295,fit_sphere_algoritm
18,15,2191531.7089359425,l,7.405812978744507,fit_sphere_algoritm
018,15,12592.071269298965,l,2.0398964881896973,nearest
