subject,threshold,covered_area,leg,time,algorithm
19,10,7150.56541549639,r,2.343536138534546,nearest
019,15,11526.3334086314,r,1.8285627365112305,nearest
