threshold,covered_area,time,subject
10,7391.2328767301715,7.758052349090576,009
15,12476.212893267226,5.2855963706970215,009
20,16725.837971149427,5.621985673904419,009
10,5842.7193981142045,7.609041690826416,010
15,10108.066135398883,5.015001058578491,010
20,13878.470279220252,5.70138144493103,010
10,4835.434848982565,4.9159674644470215,010
15,8707.56254581981,4.513438701629639,010
20,13374.003103787429,4.546806573867798,010
