threshold,covered_area,time,subject
10,7391.2328767301715,10.95167350769043,009
15,12476.212893267226,5.645442247390747,009
20,16725.837971149427,5.779873847961426,009
10,4835.434848982565,8.486502647399902,010
15,8707.56254581981,9.562517404556274,010
20,13374.003103787429,12.938586711883543,010
