threshold,covered_area,time
10,7391.2328767301715,10.95167350769043
15,12476.212893267226,5.645442247390747
20,16725.837971149427,5.779873847961426
