threshold,covered_area,time
10,2552599.7466482506,1.7908883094787598
15,3291335.9065337884,2.5883591175079346
10,2400021.3107144265,2.9684298038482666
15,4365175.748332712,1.7619600296020508
