threshold,covered_area,time
10,9137.098221206918,1.647724151611328
15,9337.989782461244,1.5326869487762451
10,9043.417359231553,2.0857248306274414
15,10744.549220626763,2.0324361324310303
